{"cubes": {"cube_1": {"loc": [1.27, 3.0], "load_loc": [[0.5, 3.0]]}, "cube_2": {"loc": [1.3399999999999999, 1.5], "load_loc": [[0.5, 1.5]]}, "cube_3": {"loc": [1.8, 2.5], "load_loc": [[1.0, 2.5]]}, "cube_4": {"loc": [1.31, 2.0], "load_loc": [[0.5, 2.0]]}, "cube_5": {"loc": [1.3399999999999999, 1.0], "load_loc": [[0.5, 1.0]]}}, "place_loc": [[3.0, 2.0], [2.0, 3.0]]}